"Address"	"Total Balance"	"Test"	"yPool, $"	"sUSD, $"	"yPool, vAKRO"	"sUSD, vAKRO"
"0x043500bb7086c4b6457cd8362fd7306b1c90db00"	68,942626740370495083	0	0,169460218907280228	1,485162822861611654	7,060842454470009500	61,881784285900485583
"0xe8b87679bf143ddc835ced7670b6f594a501fd80"	594,959361651755128375	0	4,273644145314858735	10,005380534327264346	178,068506054785780625	416,890855596969347750
"0x5780837c1d9ac3cd9b72203c8a0cfac73a9fc0b8"	2258891,900780134523906416	0	0,665646599583552039	54212,739972123645021715	27,735274982648001625	2258864,165505151875904791
"0x4dab9b8fca17a37e5ef0eef7d1ac09e2ac1580fb"	76,495093554649703750	0	0,911307496674711568	0,924574748636881322	37,971145694779648666	38,523947859870055083
"0xe6cb0096927fde2cc0ba3b8dda6913e54198952e"	41509,984770401265735666	0	0,908036884117295419	995,331597605513082237	37,834870171553975791	41472,149900229711759875
"0x278aea15fd6074ad8c5f890a05bb28e336be3be5"	85,995029272596463166	0	1,141225311888678707	0,922655390653636409	47,551054662028279458	38,443974610568183708
"0x6b6582abce056d5394c18392539ee72d8979e160"	75,986015468617440083	0	0,902927313272101506	0,920737057974717056	37,621971386337562750	38,364044082279877333
"0xc1723b93e1aadfd00806079edf11d70461c49da0"	21880,593731819339225291	0	525,134249563664141407	0	21880,593731819339225291	0
"0x8b9fa7432c73c7135e3ec3014cc0b39720634fc2"	83144,050510090068478916	0	999,425033393058742335	996,032178849102901159	41642,709724710780930625	41501,340785379287548291
"0xa14f9b86da08467dd05b8c6e2c3a2f2c6214c60f"	83190,309962861905937791	0	1000,000000000000000000	996,567439108685742507	41666,666666666666666666	41523,643296195239271125
"0x52cc6357cebe1b5114aea23e62cd773d6004b71d"	42,252094579334813666	0	0,503841830106679349	0,510208439797356179	20,993409587778306208	21,258684991556507458
"0x3c3b04835a0fc640f78e63dede6b3d4ac55d688c"	42,090551725440343458	0	0,501329333935888210	0,508843907474680033	20,888722247328675416	21,201829478111668041
"0x813413997503e41173f210c908cdb3528835cd42"	59,767945389380392541	0	0,927424981833636978	0,507005707511492443	38,642707576401540750	21,125237812978851791
"0xf53feaeb035361c046e5669745695e450ebb4028"	615,413254451836656291	0	6,004014803702613829	8,765903303141465922	250,167283487608909541	365,245970964227746750
"0x4ee92dbb71e04bdb8c7f83b08fc5b26659f97a4f"	83333,333333333333333333	0	1000,000000000000000000	1000,000000000000000000	41666,666666666666666666	41666,666666666666666666
"0x399abd36b9c7cef008f75d8805ee5fdf05d41773"	67,059811324332215583	0	1,102431735471626735	0,507003736312346439	45,934655644651113958	21,125155679681101625
"0xfac44bfdc053a9615c6b0527f44416914628a0c4"	78382,678820441971574250	0	881,184291690607317782	1000,000000000000000000	36716,012153775304907583	41666,666666666666666666
"0xcee32df0cb1ae7a8770ea9f10aea96fab9031f05"	40,165048771541388291	0	0,261905668510234004	0,702055502006759315	10,912736187926416833	29,252312583614971458
"0xdb9a122beafa7518947437477b82ac3f08727ece"	80,910829401750533458	0	1,022857139386858510	0,919002766255154293	42,619047474452437916	38,291781927298095541
"0x5d47e5d242a8f66a6286b0a2353868875f5d6068"	41,081097208300719291	0	0,985946332999217263	0	41,081097208300719291	0
"0x5e38b802525de11a54506801b296d2aa93d033ef"	41666,666666666666666666	0	1000,000000000000000000	0	41666,666666666666666666	0
"0x397b25001f0fc0f3dbabce5739fd69254b74568d"	40,234971851760361750	0	0,261787463112025893	0,703851861330222789	10,907810963001078875	29,327160888759282875
"0x45a5068955fce555922009b90a8f13bca8f1547c"	55,467448719946530958	0	0,596425411144267910	0,734793358134448833	24,851058797677829583	30,616389922268701375
"0x2cad80ba1244320733ae568ce6bdea064a9de3ab"	32,321036373379287791	0	0,289072793707528204	0,486632079253574703	12,044699737813675166	20,276336635565612625
"0x5c538d3e8ea308a52563694ce265b46c86f869dd"	45,712798421254442958	0	0,385637113536123062	0,711470048573983569	16,068213064005127583	29,644585357249315375
"0x4d9e4c43ab331142aa4465205696f0017255c56b"	27,351607965321250541	0	0,261782395147052457	0,394656196020657556	10,907599797793852375	16,444008167527398166
"0xbbfb6566ad064c233af6314aeb1eee4c26a5f921"	85,640273235590741875	0	1,138951512974449564	0,916415044679728241	47,456313040602065166	38,183960194988676708
"0x1e1a575fe7bdf0d6265e4127787d3ac93d539239"	119,526441673812572041	0	1,960151992036968904	0,908482608134532825	81,672999668207037666	37,853442005605534375
"0x8d54eb6815574bd426be06f9748d8b5b6638c61a"	39,301397691044382666	0	0,943233544585065184	0	39,301397691044382666	0
"0xa2087c31818bad0fa7d8e3504a24ddb79e235bdd"	19,649158379552778125	0	0,197807302540830460	0,273772498568436215	8,241970939201269166	11,407187440351508958
"0xb5184bc3d68447fdba1da2f550a363e4465d666c"	6250,000000000000000000	0	150,000000000000000000	0	6250,000000000000000000	0
"0xc67e60380e06ec8b20b3def2b86ab0966af1f060"	83232,250752771127851666	0	999,848469686285083070	997,725548380221985370	41660,352903595211794583	41571,897849175916057083
"0x53844b5f02e634a6e70b9c67c813af79060c70c3"	21,944512689576279458	0	0,526668304549830707	0	21,944512689576279458	0
"0x2e614cfb16cea25bed9f07fcefcce7dfc73cd39f"	83156,955756302301489333	0	999,172938657609357287	996,593999493645878457	41632,205777400389886958	41524,749978901911602375
"0xaf9df16c45e28a2ad96699cc11b104c12897f625"	834751,404678240545794458	0	20033,123858525171012973	0,909853752602086094	834713,494105215458873875	37,910573025086920583
"0x7c567f75c4b444b7bdae7aaae747f954f93d4185"	39,897745215343237916	0	0,245762329834191731	0,711783555334045979	10,240097076424655458	29,657648138918582458
"0x7b8ea0a8778ca882c6314040f7b7dd6dd9cc77ec"	42,246568945407864250	0	0,503684403319636766	0,510233251370151976	20,986850138318198583	21,259718807089665666
"0x7c6d719fe00989ae3df8d3e88041945665a332bb"	83157,057800598187646833	0	999,058823588834367612	996,710563625522135912	41627,450982868098650500	41529,606817730088996333
"0x983b36872ae1bbc40dd0a99c3ed98429fea0ebd4"	1446809,029515788091995958	0	34723,416708378914207903	0	1446809,029515788091995958	0
"0x9cff5ac9420e3f1f3b3ff21bcd50b4fd6c7f1f23"	75,445909987395107375	0	1,810701839697482577	0	75,445909987395107375	0
"0x90eb355a85ea5324529224945bb55f1960da1b47"	83310,316892762460273291	0	999,447605426299046559	1000,000000000000000000	41643,650226095793606625	41666,666666666666666666
"0x78c437fd49cb9f9dcfa113cd4f561a8b7008a9f8"	458,450276874167320500	0	0,248347319330884791	10,754459325649130901	10,347804972120199625	448,102471902047120875
"0xbd1f7d88c76a86c60d41bddd4819fae404e7151e"	38,234132263090543791	0	0,917619174314173051	0	38,234132263090543791	0
"0x0c39a628d6325a838ac629750b9edcce2f4a57b5"	458,578086738710979750	0	0,251405509075783274	10,754468572653280240	10,475229544824303083	448,102857193886676666
"0x6e561fff127d63e298d1b08bdbc07d59fd748ba2"	35,064250713753481166	0	0,299874648077607425	0,541667369052476123	12,494777003233642708	22,569473710519838458
"0x1e8c000cca4d61c60255704ab827b03e8700129d"	27,614663778489007625	0	0,272696794426869776	0,390055136256866407	11,362366434452907333	16,252297344036100291
"0x65870575837f98511793041ee5c0cc4db911b01e"	37,462083490861060875	0	0,899090003780665461	0	37,462083490861060875	0
"0xe769d85072672dd5e763816fa2c60627b5bcde52"	83333,333333333333333333	0	1000,000000000000000000	1000,000000000000000000	41666,666666666666666666	41666,666666666666666666
"0xf7675840d593fbc5e9382dfec12d422319edb172"	17,710702604745952250	0	0,425055877020062906	0,000000985493839948	17,710661542502621083	0,000041062243331166
"0x5dec02a7ebb9d1949c320303fdc2397ec7e09885"	25988,844461118695269666	0	623,732267066848686472	0	25988,844461118695269666	0
"0x80feeb2c7956a7a8e87a7e9e90bfd61baedd913a"	76,118414104759653333	0	0,906797619424930162	0,920044319089301518	37,783234142705423416	38,335179962054229916
"0xd527355a213acad5fcb66a81cfc081474b611f73"	75,243434920823883791	0	0,898269197731037339	0,907573240368735872	37,427883238793222458	37,815551682030661333
"0x8c0c8d676fdfd1717b16b61bd0037001ff100e78"	4,269396277173584583	0	0,009965027610157366	0,092500483042008664	0,415209483756556916	3,854186793417027666
"0x928efa31db4d805dc355945a5ab3c8c7a8db2fe2"	57,276637955981579625	0	0,691225770452786076	0,683413540490771835	28,801073768866086500	28,475564187115493125
"0xe1163dcfb598f74da146a83cc878731d553abbfe"	44,949982493048971125	0	0,526267550443350698	0,552532029389824609	21,927814601806279083	23,022167891242692041
"0xeb4bd5231274aa4c2b97a4fa06bad9ecfcdad5e0"	18,607119626446582916	0	0,446570871034717990	0	18,607119626446582916	0
"0xd3639dc9b9486b9701d48259816d33b086ae6515"	53259,451531908847019000	0	0,618261765812328456	1277,608575000000000000	25,760906908847019000	53233,690625000000000000
"0xd99a8618e14462a2a323a5446c5856ceb8742e94"	6260634,891565920611588875	0	50000,000000000000000000	100255,237397582094678133	2083333,333333333333333333	4177301,558232587278255541
"0xace95175b107f0d6a7a2949f7af83d7a3528fb4e"	535,167029990240085458	0	12,844008719765762051	0	535,167029990240085458	0
"0x9a8fb046dc361a347d5aa7cfa83b2a52ce35c60d"	0,000000000000000083	0	0,000000000000000001	0,000000000000000001	0,000000000000000041	0,000000000000000041
"0xad5c49dc02646898c7b9771e4c20bd3203556e76"	0,000000000000000041	0	0,000000000000000001	0	0,000000000000000041	0
"0x3100196ea6ce9b824896c53838fa6fc88e3e5054"	33,143397611008878541	0	0,795441542664213085	0	33,143397611008878541	0
"0xc571147a515a789eb23cbcbf92f86bc1485ab877"	213658,665385713580479583	0	5127,807969257125931510	0	213658,665385713580479583	0
"0x71e1d6e6f8da5295d6ff161bb22e9183120c9a15"	55,042377431014830500	0	0,655160163789543318	0,665856894554812614	27,298340157897638250	27,744037273117192250
"0x728742e8cb6ccf1fec195c5a7539fc87162daf23"	2083333,333333333333333333	0	0	50000,000000000000000000	0	2083333,333333333333333333
"0xf503feb4f6570e0a44c5231df53dae3fb5d7d628"	0,000032075051550125	0	0,000000769801237203	0	0,000032075051550125	0
"0x3373dd6f705e750898f678562960f99fcfbf6cbb"	272964,219589614044595291	0	5553,748183910755509212	997,393086239981561075	231406,174329614812883833	41558,045259999231711458
"0x0467460ca0620c06bf23bd09f38341f7d233aba5"	210,114210313184644916	0	5,042741047516431478	0	210,114210313184644916	0
"0x4795237e09bf7bff7b6fb3d42466e2917f571223"	204,810806766103905708	0	4,083137808936999980	0,832321553449493757	170,130742039041665833	34,680064727062239875
"0xde6b2a06407575b98724818445178c1f5fd53361"	43,568900840935547583	0	0,533295704003610982	0,512357916178842160	22,220654333483790916	21,348246507451756666
"0x57e3cf0221e6a15c55ade85f3c314abe0d41fee6"	531146,331995485934185875	0	11732,213832406424727568	1015,298135485237692893	488842,243016934363648666	42304,088978551570537208
"0xc8145caf71b4af6c6cc682fc7e1a41c8769c6e86"	57728,720640211739317375	0	118,607114283749784179	1266,882181081331959438	4941,963095156241007458	52786,757545055498309916
"0xc808a7e9510dbc4ef27a21432649a3ed9ecd6968"	2079940,937663813781798583	0	49918,582503931530763166	0	2079940,937663813781798583	0
"0x05c18ffc1c74cb67cb26bb5222aaf3355b74bbc3"	61,344133108199607333	0	0,647447989944301233	0,824811204652489343	26,976999581012551375	34,367133527187055958
"0x620eb3c8d13b5bb235f2af01b20634b4c99955f0"	51,873001181022388375	0	0,696567941116060539	0,548384087228476782	29,023664213169189125	22,849336967853199250
"0x77fb0deba36c1ae0057b8a07174ed3c87f53f11e"	333551,337479460334565041	0	8005,232099507048029561	0	333551,337479460334565041	0
"0x9160ab7ee16e69aabf910c41c46bb798c8f9546f"	165,026384520910814125	0	3,960633228501859539	0	165,026384520910814125	0
"0xe63b7ff4639b990bad1d7257fff8070f859f0997"	144328,682401635182326583	0	3463,888377639244375838	0	144328,682401635182326583	0
"0x2314ed6c3e79b05365fb14b6bb832f03555104eb"	102,404698500914191291	0	1,680146030322286181	0,777566733699654410	70,006084596761924208	32,398613904152267083
"0xa68e8c09dddd6ab170d5872422f38877622adada"	821168,667815766862292500	0	19708,048027578404695020	0	821168,667815766862292500	0
"0xd974991292c314696f68eaa2732191bb1688331d"	71,176520751936643458	0	1,708236498046479443	0	71,176520751936643458	0
"0x274d9e726844ab52e351e8f1272e7fc3f58b7e5f"	2080204,488473246788185708	0	49924,907723357922916457	0	2080204,488473246788185708	0
"0xa14dcc58023eb50bc46b4621571b165b7b2cd9e4"	23,525745939361877333	0	0,564617902544685056	0	23,525745939361877333	0
"0x17fd9ae8e8abc660c37855ab6ad1aa793d1d252c"	25,654715214437254083	0	0,615713165146494098	0	25,654715214437254083	0
"0x6db499d9d4f996ad90ddc72630b2809b41f18266"	27,719985318714986791	0	0,665279647649159683	0	27,719985318714986791	0
"0x0f87dd03a74e6a48d56661d96f44880c79b9d795"	3722,231195863576216541	0	89,333548700725829197	0	3722,231195863576216541	0
"0x000e8c608473dcee93021eb1d39fb4a7d7e7d780"	833333,333333333333333333	0	20000,000000000000000000	0	833333,333333333333333333	0
"0x12d4f5e2efd434f752893b06a1406c3e7ac1c704"	378759,274124792490794791	0	6090,222578995019779075	3000,000000000000000000	253759,274124792490794791	125000,000000000000000000
"0x9bb4d790e8f205f15448b6a746d94f75f18cb4b6"	111,677066370764605458	0	2,680249592898350531	0	111,677066370764605458	0
"0x1acf3e6e5fb8f5d53469c15b48550bbcfeb22bfc"	105,093214250572311541	0	2,522237142013735477	0	105,093214250572311541	0
"0x2fd0476478c01d0472b264e27f9d3c1b30dada2a"	91,703039177374912416	0	0,866592548174991987	1,334280392082005911	36,108022840624666125	55,595016336750246291
"0x33f14f6233bfdefd12520c6eca0d4ad526f2c6e6"	56,978684864913236416	0	0,638096192217213314	0,729392244540704360	26,587341342383888083	30,391343522529348333
"0x7a22e7a4d912231f9c0fb6760c59ab560188360b"	34,390328672788007125	0	0,825367888146912171	0	34,390328672788007125	0
"0x7624b0284b2a76da321b2f7ef27481d004dc235a"	134,108945251928763708	0	3,218614686046290329	0	134,108945251928763708	0
"0xc6945ac4789fe3dd9e6c93746948b8409b6dd350"	33,663032557896724583	0	0,807912781389521390	0	33,663032557896724583	0
"0x7a2fffcf2fbacc3f35c8e807d975f7c2046316af"	2081348,891199195666666583	0	49952,373388780695999998	0	2081348,891199195666666583	0
"0xdf88cbe36a66280300fb23dbd60b9fda671fb332"	6519,173116896677621666	0	156,460154805520262920	0	6519,173116896677621666	0
"0x309dfaf096a9ea21b0c8c0aafbe27dbf715d37b4"	2081392,928572109262758833	0	49953,430285730622306212	0	2081392,928572109262758833	0
"0xb0e1505d9c8eff6936b927816a819b1ebaabd67e"	57,142170934966295375	0	0,697317341789158894	0,674094760650032195	29,054889241214953916	28,087281693751341458
"0x493374100e511b1b091fa5bace1929dc154fee80"	1019589,522775826648736916	0	18205,080597514850276336	6265,067949104989293350	758545,024896452094847333	261044,497879374553889583
"0x268cb4c8b97da9d146702d84501a64f597a3aa14"	9583958,000018962751439541	0	50000,000000000000000000	180014,992000455106034549	2083333,333333333333333333	7500624,666685629418106208
"0xf1111dcdfbb2e5d93173aecfa4e388b48a31f17c"	71,349656617596728458	0	0,649830128872883160	1,062561629949438323	27,076255369703465000	44,273401247893263458
"0x7b4b04ce4760cc87356e8a4a69abf17cc9575f8a"	28,530505050051772166	0	0,684732121201242532	0	28,530505050051772166	0
"0x54ef5a05161f0114c0f41b8ee0d269903ae7be8d"	27,441649309992286833	0	0,658599583439814884	0	27,441649309992286833	0
"0x5543955098067c40807371cd32418b9b7e0e5600"	39,909565901211121500	0	0,957829581629066916	0	39,909565901211121500	0
"0x668c6f75486d6882a1aacf7bf03eee605c96fdad"	95947,561065537428043958	0	2,715313813995780141	2300,026151758902492914	113,138075583157505875	95834,422989954270538083
"0x68a649c1a4335c3f5c6fab1c60fb438ff5098531"	68,327105162576081583	0	0,961006054237863194	0,678844469663962764	40,041918926577633083	28,285186235998448500
"0x2ae9c12d8356f11d1be6c4e91fe64c10783d42e5"	60,846944668666921708	0	1,460326672048006121	0	60,846944668666921708	0
"0x0dd2019e2633e99a5865eeac5d05c3bc113f363b"	37,114969291203712625	0	0,890759262988889103	0	37,114969291203712625	0
"0x163b8deb1730d0a69f4c76ffd3c39f23d6289449"	3944,099166220719009875	0	94,658379989297256237	0	3944,099166220719009875	0
"0x267987b4ed90807a427e582acfd170a5fa01be6b"	36,906078328596191666	0	0,885745879886308600	0	36,906078328596191666	0
"0x1bf631120ce843ec8c9c04e9560c454e3bc2d1f5"	64,814337021979405958	0	0,701443551349713141	0,854100537177792602	29,226814639571380875	35,587522382408025083
"0xdd37bafeb3c24e22a76eea36a46fce4d61cc8ff0"	25,468220427567511250	0	0,611237290261620270	0	25,468220427567511250	0
"0xefb73e47099485c72b7678cb59fb0da7dacf173f"	12604,262551157851700833	0	186,047467900629486176	116,454833327158954644	7751,977829192895257333	4852,284721964956443500
"0x42d097d2e93aea1ae31542b984f21ded3e1331f1"	58,171625904481088875	0	0,539538178994878795	0,856580842712667338	22,480757458119949791	35,690868446361139083
"0xdee3b4bea6980b23cb33cf54f80cc821da55ea97"	1259541,556394403527901416	0	30228,997353465684669634	0	1259541,556394403527901416	0
"0x7376af1bfbea6eacf4d8d48a05cc84de3abbb8be"	37,297602688938364083	0	0,895142464534520738	0	37,297602688938364083	0
"0x7e7d276acf6e572d2da9ccabfee401bdfbaf6754"	92407,281350211094241916	0	2217,774752405066261806	0	92407,281350211094241916	0
"0x2ed95bb9e679ba0f66ea0705c82b9855c75c13be"	18801176,853309372638928333	0	49978,056658768865852360	401250,187820656077481920	2082419,027448702743848333	16718757,825860669895080000
"0x3d5ff23f56dc1240e571dd011bf2e373d06aaf7f"	45,699305937570360666	0	0,553454253216524896	0,543329089285163760	23,060593884021870666	22,638712053548490000
"0xc8e8ed7987009d7937da7b02b6174eb13124573a"	10416,666666666666666666	0	150,000000000000000000	100,000000000000000000	6250,000000000000000000	4166,666666666666666666
"0x7822159ee394d14745cde63a706f965fb73c7ac8"	846854,236606570683985833	0	20324,501678557696415660	0	846854,236606570683985833	0
"0x3adf2869b57ef6404f617aa55411dab102f9bed5"	1250,194501709844690166	0	30,004668041036272564	0	1250,194501709844690166	0
"0x60b85e1e4218452e581d2a1d342b9fe9c2a6fa18"	56964,483748951754726708	0	881,477357974842113441	485,670252000000000000	36728,223248951754726708	20236,260500000000000000
"0xc4dfdf8c6b5512b2aab84e8d9f969cb8b9fd3aba"	2083333,333333333333333333	0	50000,000000000000000000	0	2083333,333333333333333333	0
"0xb15988b3da502672c4e98c9ac3348a17f0c3dc2e"	899,972643490460798333	0	11,406432811569923897	10,192910632201135263	475,268033815413495708	424,704609675047302625
"0x10395903bfbf4ef877e43f8e6a56591d9cd1a201"	2082947,016407884476895291	0	49990,728393789227445487	0	2082947,016407884476895291	0
"0xfe97b38192cb30add0bbe5e01e6a617562cc8318"	807531,890208333333333333	0	19380,765365000000000000	0	807531,890208333333333333	0
"0x5d25c789d07f347e04aa65ba0daf2d61730bbac8"	208165,671258981820812458	0	2497,289952374982376820	2498,686157840581322679	104053,748015624265700833	104111,923243357555111625
"0xbb150bc7f3ba780553abaefd0421482d0a9cb53a"	171361,909075288178741750	0	1395,410402974819148686	2717,275414832097141116	58142,100123950797861916	113219,808951337380879833
"0x37aa859a834299ef8f75cb809eb94a967b7493e9"	2083333,333333333333333333	0	50000,000000000000000000	0	2083333,333333333333333333	0
"0xd9d3dd56936f90ea4c7677f554dfefd45ef6df0f"	148176,045961655005380125	0	2236,000000000000000000	1320,225103079720129123	93166,666666666666666666	55009,379294988338713458
"0xc28f85d6a2cd2252dac06f3db42a17033c4e7791"	129484,486541666666666666	0	3107,627677000000000000	0	129484,486541666666666666	0
"0x9efab36288565dc343b6909350767cb392aa4f69"	416233,678385132413669208	0	9989,608281243177928061	0	416233,678385132413669208	0
"0x6be99e78ce0926ec872e3e3f1e1402575d74425d"	149448,116289703841732375	0	3586,018635000000000000	0,736155952892201577	149417,443125000000000000	30,673164703841732375
"0x74ab5d0ccdb5a8b8be357bf395f121e5bcaeb86f"	107409,669317154547816208	0	2576,877643574099238516	0,954420037609909073	107369,901815587468271500	39,767501567079544708
"0x42a64201a842ede7e617a36b0256dc20ad34fa88"	1167,516898052075868208	0	0	28,020405553249820837	0	1167,516898052075868208
"0x51a23045db018780dd40c890c62368c187e8d179"	21,015524559488868958	0	0	0,504372589427732855	0	21,015524559488868958
"0xbcff81420d024627edd07ab9468aff7881805d57"	23,425547340581473791	0	0	0,562213136173955371	0	23,425547340581473791
"0xb1945d5962a0a3d9b88679de4409ca377e4d08bd"	38,106598306919784333	0	0	0,914558359366074824	0	38,106598306919784333
"0x46e6f25d092ad9048a3c2bf09a8ea02fa15f0d05"	32,107557881126747291	0	0	0,770581389147041935	0	32,107557881126747291
"0x4f50d47d20380172746527bbeaa274940c38efac"	28,618435811748325875	0	0	0,686842459481959821	0	28,618435811748325875
"0x91a503945eaf68ff638da328931f460893ef42d6"	41556,123915032467037791	0	0	997,346973960779208907	0	41556,123915032467037791
"0xe86a383f599eb082f0dd6187dc144e22893220f6"	20807,486752083333333333	0	0	499,379682050000000000	0	20807,486752083333333333
"0x3c229864378b3b0adf98ae247ca33986aed8ec1e"	42986,539703724965178250	0	0	1031,676952889399164278	0	42986,539703724965178250
"0x7d480d5fa0e8ab1232c02daf9aba33fd812987fa"	38,393178621825452375	0	0	0,921436286923810857	0	38,393178621825452375
"0x6bac48867bc94ff20b4c62b21d484a44d04d342c"	5369,519429783456443958	0	0	128,868466314802954655	0	5369,519429783456443958
"0x0ef8582381874780e4cdbbeaef8bfa1f9cd34dae"	5761,001559029724210458	0	0	138,264037416713381051	0	5761,001559029724210458
"0x8a9bcdc68d19e111663d6c986caf1da1eda1c304"	24,510756060037002208	0	0	0,588258145440888053	0	24,510756060037002208
"0x373af10b9e12bfa505149f287edd0f00511ee886"	224,829657674109090208	0	0	5,395911784178618165	0	224,829657674109090208
"0xac9e6fa8ad5214f365e99ee96227598ea1e4b20c"	27,689337585597738000	0	0	0,664544102054345712	0	27,689337585597738000
"0x2755da7bb6b7a70eae26cccf447682298eac1eb8"	220387,431251937585143083	0	0	5289,298350046502043434	0	220387,431251937585143083
"0x4ff9288793ce6c98d7dab429f8ad97691d8a0f5d"	44,540988361746496875	0	0	1,068983720681915925	0	44,540988361746496875
"0x5eb6fcebbce8b397e501f5eb156f150441cc3c86"	30,103490679613426583	0	0	0,722483776310722238	0	30,103490679613426583
"0xd607fce24b45d4be5bc6b9aac0540bdff8ddf76b"	22,685657532929481875	0	0	0,544455780790307565	0	22,685657532929481875
"0xf1c0dc910ecfb7260e97e79d9e89774dca231456"	0,000000000000000041	0	0	0,000000000000000001	0	0,000000000000000041
"0xdb33efb01ed7f36a803b1e7eaeae737d22f9ebca"	2073958,346914911398761708	0	0	49775,000325957873570281	0	2073958,346914911398761708
"0x5056aa6baa5967d588bbe8f546ec15891bd56a49"	331647,750109883603943541	0	0	7959,546002637206494645	0	331647,750109883603943541
"0x200c233de55c1e2ab271edb87e5abce150d637a0"	33,416289302674913041	0	0	0,801990943264197913	0	33,416289302674913041
"0xe64262a940f948abbe4236eb936e07aa7550a1ff"	22,102235111778045541	0	0	0,530453642682673093	0	22,102235111778045541
"0xf14a04d18cb5ba0fe293f6157cd4593404c12ece"	41,555617331600500416	0	0	0,997334815958412010	0	41,555617331600500416
"0xed576e57ae40d9e8fae69fc5e71db3a9ae66c23a"	1130427,261817249650522500	0	0	27130,254283613991612540	0	1130427,261817249650522500
"0x5c46deea1783f1d7e9579b963f2021ac1b5bfe7b"	335,180329673700121666	0	0	8,044327912168802920	0	335,180329673700121666
"0x35dcf2c2223f335266e17dacbe8777d7c5bf8a15"	73077,431368688741580583	0	0	1753,858352848529797934	0	73077,431368688741580583
"0xe20a4f1e92dc89c17388886d37b2ed58f07e2f29"	30,249319794258426541	0	0	0,725983675062202237	0	30,249319794258426541
"0xad0adf554eeac313b1c2fc06526c0ac969c584ad"	1217,650583333333333333	0	0	29,223614000000000000	0	1217,650583333333333333
"0xd8e10962745f8582cfac5c1ba0039ca968709ceb"	63,351576203115693541	0	0	1,520437828874776645	0	63,351576203115693541
"0xf2c95079e35a27c296b01759431e05c38e392a21"	35,662051580554506333	0	0	0,855889237933308152	0	35,662051580554506333
"0xea3ed91a668b6a56751729016ebafc214dfbeb65"	22711,237291666666666666	1000,000000000000000000	0	521,069695000000000000	0	21711,237291666666666666
"0x9e7835be9066365485302dacab277a02f5302af3"	49332,006130012595321458	0	0	1183,968147120302287715	0	49332,006130012595321458
"0x1847a87a9cad63e55d6825267b73968878a4e4e5"	41620,844966663672579291	0	0	998,900279199928141903	0	41620,844966663672579291
"0xac741ebe63a35ed2b217f37f3b6c626765d11ead"	41,483083146844038041	0	0	0,995593995524256913	0	41,483083146844038041
"0xa389e2fc6ed8af24c43cd85752bd8feeb14a1a69"	20,614284993015446541	0	0	0,494742839832370717	0	20,614284993015446541
"0x262a1482e84bb2c2bd20c7f99bfead8a0c277937"	28,449207137649392791	0	0	0,682780971303585427	0	28,449207137649392791
"0xbc1980f0f5c156180b913092fab43ac31932f27f"	23,350576336516472375	0	0	0,560413832076395337	0	23,350576336516472375
"0xdcb7e8f1b586c94dde9b430557e4df6727779aca"	265189,856766134472468666	0	0	6364,556562387227339248	0	265189,856766134472468666
"0x93bb2d258786109439cb268c0a425b314d8abf56"	32,139311687223715291	0	0	0,771343480493369167	0	32,139311687223715291
"0xb0e7c2319993c00b9430d18bdd9f98fefb6b5857"	21,079407909817662166	0	0	0,505905789835623892	0	21,079407909817662166
"0x09a98b8b15c9fadff8524503768479b26ede3ec7"	40,575051522420308500	0	0	0,973801236538087404	0	40,575051522420308500
"0x95e0734c3d4dfcdf932c765eba2a359799226b41"	21,063267299870078166	0	0	0,505518415196881876	0	21,063267299870078166
"0x39934f0a14aa55ab28c569e6d5adba3349ebf823"	37,097229584715684041	0	0	0,890333510033176417	0	37,097229584715684041
"0xef35dfbd99e100776f76976948e250cd0a89c7ef"	195953,230082331937055708	0	0	4702,877521975966489337	0	195953,230082331937055708
"0x4e58b97ce2c9a687ff6df2ba7f8f7217ad44327d"	36,794581848268454750	0	0	0,883069964358442914	0	36,794581848268454750
"0xe944885cea1bfa3518610cbd2693752ce56908f4"	40,720055537913335625	0	0	0,977281332909920055	0	40,720055537913335625
"0xaf7d21d40e688eb4eb791943e46d35a14edca471"	41,540147074948641958	0	0	0,996963529798767407	0	41,540147074948641958
"0x7b8d6d838105681303b36d7ce8c80419bc72e714"	40,810159748582860708	0	0	0,979443833965988657	0	40,810159748582860708
"0x8646cc4682e218327bed6630eb7d5c8b370c740d"	37,124031652392413625	0	0	0,890976759657417927	0	37,124031652392413625
"0x1d601f4c8463b602084f39471d8c04a686f0edce"	36,189104376699586791	0	0	0,868538505040790083	0	36,189104376699586791
"0x19f18ecd93ca130a24035ede88159f83b6576cc8"	135,341587690596222833	0	0	3,248198104574309348	0	135,341587690596222833
"0x7983c67d0d0c8742e1b60de04c880fc450a0a495"	20,887677435039411500	0	0	0,501304258440945876	0	20,887677435039411500
"0xb4ffd9b783a71b7cb1790d02e8f744cc32dc9c1f"	49503,595205065155714375	0	0	1188,086284921563737145	0	49503,595205065155714375
"0xa0e7edd7dfd9828b13393732e9cb34651c06ec14"	56,858048622495860333	0	0	1,364593166939900648	0	56,858048622495860333
"0xa83f9254afdcf1673dc2b31a6690afd0af1d2bae"	42,605020591845886833	0	0	1,022520494204301284	0	42,605020591845886833
"0xf6f9e2eb2df8dee61f11a4e2937f9f1936bf46d6"	29,999793811976689375	0	0	0,719995051487440545	0	29,999793811976689375
"0xc4bd102a87a264faf814f5d4d087214185fb5279"	22,292700212914861083	0	0	0,535024805109956666	0	22,292700212914861083
"0xce2bab72c7d21cdf960fd194953daf7544e36231"	38,265095697168776166	0	0	0,918362296732050628	0	38,265095697168776166
"0x96cd6af97885b2bc556293d98d6f0a56eec7e43e"	4462,049171064054319000	0	0	107,089180105537303656	0	4462,049171064054319000
"0x2f8ad7e46f984410eb9bdf4b9ecf525db20d0dd0"	28,077152743918650041	0	0	0,673851665854047601	0	28,077152743918650041
"0x7c847e1f5ec059dc984b3b7d640ff56feb9866c8"	0,000013330505367916	0	0	0,000000319932128830	0	0,000013330505367916
"0x7010861fbf4b55f7f14c2a9946d744357ba3eb02"	3593,644583333333333333	0	0	86,247470000000000000	0	3593,644583333333333333
"0x35982287d6180e90ebbc9be1b3a2326515ca0090"	38916,666666666666666666	0	0	934,000000000000000000	0	38916,666666666666666666
"0x280a8675cf1d930c638f4f9eb9dbe75823801d5a"	8323490,345060536506831833	0	0	199763,768281452876163964	0	8323490,345060536506831833
"0xc084508124a8b76e44a07418a92a868394153771"	41,608958170948095541	0	0	0,998614996102754293	0	41,608958170948095541
"0x96cb2f6cdf6f301e59724092d03ad119782c093d"	148,408191480288909583	0	0	3,561796595526933830	0	148,408191480288909583
"0xd048de4000b3a9ac8ed4c2e51c3893206d78eddf"	25393,412344714946916625	0	0	609,441896273158725999	0	25393,412344714946916625
"0x9b00e79b18fb425e82a1a21a3c66217acfda4f3a"	27,837550091032668500	0	0	0,668101202184784044	0	27,837550091032668500
"0x98c8061f7ad5aeec83012fc55b24f1fd6eb1c660"	62922,582888097828914625	0	0	1510,141989314347893951	0	62922,582888097828914625
"0x14200888c9b85b4f1e589de4be12e46916b7af31"	30,819568258506664791	0	0	0,739669638204159955	0	30,819568258506664791
"0x1777281a2b6610d40ff726c3e03bbdc3b93d31ad"	1077,876260158463372416	0	0	25,869030243803120938	0	1077,876260158463372416
"0x3f240c6144408906c356bca4ef30ed6f4d656328"	19,094350672324214541	0	0	0,458264416135781149	0	19,094350672324214541
"0x7a429e1cb54bedb645c612354cdc58b00c477419"	39,220385725053886541	0	0	0,941289257401293277	0	39,220385725053886541
"0x585c17a13241bc44d4aca25852a219bdddef6659"	93919,891456676140151750	0	0	2254,077394960227363642	0	93919,891456676140151750
"0x0d99d9c32d012620ee07dbf0b7a020a633c4fbcd"	26,639223066869600333	0	0	0,639341353604870408	0	26,639223066869600333
"0xc5d16847874f3c47c5dfec353d01105896459d0f"	18873,089590714450381083	0	0	452,954150177146809146	0	18873,089590714450381083
"0x9fed225115a1374c7f0faef307d471c80fff1893"	139827,918127633352984416	0	0	3355,870035063200471626	0	139827,918127633352984416
"0x8a2ff4f48a2aef354d96339946b03fd740293bce"	140,536803532831304416	0	0	3,372883284787951306	0	140,536803532831304416
"0x161f47eeffbcad412bb3d8b890bf4cb3a7e80a95"	70,695848411203830666	0	0	1,696700361868891936	0	70,695848411203830666
"0xf84bfa23c2ab766c47056011b26e2d12ade5c754"	41666,666666666666666666	0	0	1000,000000000000000000	0	41666,666666666666666666
"0x682540d50a8d56816c7214307ce972e43c592b05"	44700,947487159959699458	0	0	1072,822739691839032787	0	44700,947487159959699458
"0xbab3b9cb224b0b6ed4c4bac7385dea2d06ea9489"	1802279,701344968931051041	0	0	43254,712832279254345225	0	1802279,701344968931051041
"0x3d8adaed14c50c8bbd63ea6d7d20ffff56cbd79a"	18385,937521503153554541	0	0	441,262500516075685309	0	18385,937521503153554541
"0x8bfb0a6848a402d9931ba22797f82781c6e1711f"	13140,838647675664926625	0	0	315,380127544215958239	0	13140,838647675664926625
"0x92099e29980f9f0031ae6cb4b507d61ca76ab0f6"	10194,550666666666666666	0	0	244,669216000000000000	0	10194,550666666666666666
"0xd18c7d59f3c7a5a5dc3e1d8df92a21c645735739"	21,961257980418884750	0	0	0,527070191530053234	0	21,961257980418884750
"0xe6dec9ab1801b1e61f060dc1c76eaf1cc42710e2"	27,034103588059722000	0	0	0,648818486113433328	0	27,034103588059722000
"0xce536fc834fe2c4cca8638b219b17c7bed3ddc08"	24,122650836844536958	0	0	0,578943620084268887	0	24,122650836844536958
"0xacd7441f9b73189f4ef61a0c9725bf0816fae124"	42966,097877546391458958	0	0	1031,186349061113395015	0	42966,097877546391458958
"0x02ce3b6c086e88616783163fb095578c86fbd4a9"	72112,883875000000000000	0	0	1730,709213000000000000	0	72112,883875000000000000
"0xf2eda2787d728c3e640000c9c67fb88e61355804"	23040,612625000000000000	0	0	552,974703000000000000	0	23040,612625000000000000
"0xd9233c98d84e50f07b122ee0de0a6a50f49127e0"	41,014189457868387791	0	0	0,984340546988841307	0	41,014189457868387791
"0x7cbb5da95442fa56c8549a3f0f0ffc397c7b5c18"	21,391099673915620791	0	0	0,513386392173974899	0	21,391099673915620791
"0x1f26f92a901dfacb8d8522e45bbb69c515f3013e"	40,606460462118502208	0	0	0,974555051090844053	0	40,606460462118502208
"0xe97178f627268f4cead069237db9f50f66d17d97"	31,688952766052615583	0	0	0,760534866385262774	0	31,688952766052615583
"0x1398c7c0399e911f221b6d907299be5669fa11ae"	38,944335329800318958	0	0	0,934664047915207655	0	38,944335329800318958
"0x505428711f235aef769bc9320977c7c3cbb6cd87"	24,845458896318643125	0	0	0,596291013511647435	0	24,845458896318643125
"0x0647e46db55a10efa59a2edb63b51184175d1a26"	36,788689456578110375	0	0	0,882928546957874649	0	36,788689456578110375
"0xbebcf6cddce5b5a494d7ce051ae3688a925bd10b"	1,489909176409979500	0	0	0,035757820233839508	0	1,489909176409979500
"0xb17bbfbd1cc5faee7976d7f0ee8249ebddf78726"	41839,518886792014370750	0	0	1004,148453283008344898	0	41839,518886792014370750
"0x26938dfd4f89f9450a5402688a4cb1ba88e09d29"	50,706839200269421708	0	0	1,216964140806466121	0	50,706839200269421708
"0x2086280e38478a13e2705125d4bbcb5d16b4ab46"	119928,005277130939649541	0	0	2878,272126651142551589	0	119928,005277130939649541
"0x19882c42b8233128b4fc7c1c39ddb994060fd316"	22,229028429194004166	0	0	0,533496682300656100	0	22,229028429194004166
"0x02a8f422e4623cf409b2a1a64a603b16357ea9da"	25,076521030018442958	0	0	0,601836504720442631	0	25,076521030018442958
"0x31ae9b3e203b82a360971cee3572fc07136b8b52"	29,184842266056968416	0	0	0,700436214385367242	0	29,184842266056968416
"0x478fa4c971a077038b4fc5c172c3af5552224ccc"	34,195369055501343833	0	0	0,820688857332032252	0	34,195369055501343833
"0x8da02d597a2616e9ec0c82b2b8366b00d69da29a"	83273,341142896092133208	0	0	1998,560187429506211197	0	83273,341142896092133208
"0xf7d2c9a3ef4f5a62a2bc0a073bc506ff98d7b892"	28,647058666446431958	0	0	0,687529407994714367	0	28,647058666446431958
"0x8b327fb1da65935e3d434e3a8c8da446a2e46b38"	63597,684083751540907833	0	0	1526,344418010036981788	0	63597,684083751540907833
"0x76b687cf4e5a4e73fa3950d6cc642bcc64e40b88"	163,758661770815318458	0	0	3,930207882499567643	0	163,758661770815318458
"0x2c35a970a19b943bed591d55204034d8672de7ac"	33,128257455463772958	0	0	0,795078178931130551	0	33,128257455463772958
"0x663694857eb8a7432559f5c099a20bac59287d3a"	25300,248627269596244041	0	0	607,205967054470309857	0	25300,248627269596244041
"0x9a7cbfe5af96d2eff788f580f915690369b738fe"	36,923775470840978458	0	0	0,886170611300183483	0	36,923775470840978458
"0x037206acaa8ee3da02e9abe429f51255476a64d6"	32,566437447600046958	0	0	0,781594498742401127	0	32,566437447600046958
"0xd68b22d7f83ace5a10d991391799a332f0e091e8"	22,559809614979060708	0	0	0,541435430759497457	0	22,559809614979060708
"0x4c89684041eb142a85c917986b3a2d7d85b284cb"	32,081305277931102875	0	0	0,769951326670346469	0	32,081305277931102875
"0xbcc03cf987ca9ea5f9032ad1965a043be43cfa6d"	12327,217779965427576083	0	0	295,853226719170261826	0	12327,217779965427576083
"0x20ec02894d748c59c01b6bf08fe283d7bb75a5d2"	27,461000075474415458	0	0	0,659064001811385971	0	27,461000075474415458
"0x464a0247aba6d76e32e081988a8ed4b06d2b47f2"	521,534519346857924833	0	0	12,516828464324590196	0	521,534519346857924833
"0x95863cdd9c70966bdae83c3a9ac949c304c1b8f9"	3,136944820319038000	0	0	0,075286675687656912	0	3,136944820319038000
"0xec4a83c4632fd30dedf49ac32dd0a22fca38c4d8"	32,954195795801897208	0	0	0,790900699099245533	0	32,954195795801897208
"0xc53539fd4d109840dbfe8c759ba7fc2e7200709b"	103792,744994775179372875	0	0	2491,025879874604304949	0	103792,744994775179372875
"0x7263c0ba0d332a96566e99457f8f93c2ecd9c03d"	36,004127970208641125	0	0	0,864099071285007387	0	36,004127970208641125
"0x0ce730fac3a07820fdc9e17bb68e3574f6fdfc0e"	36,008147218743446791	0	0	0,864195533249842723	0	36,008147218743446791
"0x6dae5716a58f8d7306d4d6fb8f22b522fad031d6"	23,643853954258345750	0	0	0,567452494902200298	0	23,643853954258345750
"0xf53cb49b4bc515c865e0503245621d797a9cc546"	21,974291616937543291	0	0	0,527382998806501039	0	21,974291616937543291
"0xbbee065885558fba6a5c0cd8f7b827f631137900"	107,802616375094837166	0	0	2,587262793002276092	0	107,802616375094837166
"0x6e3bda1fbdc98ed50a537228650d9d6149b013f5"	36,933041901208845458	0	0	0,886393005629012291	0	36,933041901208845458
"0xfcf868133bfb21b0fa12f74ab0bff4de86b93fbc"	416666,666666666666666666	0	0	10000,000000000000000000	0	416666,666666666666666666
"0x42e5996dbbea9ac9ded34a14cb271196a1c32a46"	33,744052461335144250	0	0	0,809857259072043462	0	33,744052461335144250
"0x2f9677016cb1e92e8f8a999c4541650c80c8637a"	22,154153577013164791	0	0	0,531699685848315955	0	22,154153577013164791
"0x38ad0aba07c1eaafb8a87517aa13fb8871513fa8"	41666,666666666666666666	0	0	1000,000000000000000000	0	41666,666666666666666666
"0x2d65e96a8aefe579d4839a77bb1d4811847358bc"	7850,386803088679517500	0	0	188,409283274128308420	0	7850,386803088679517500
"0x93bb3b8ce42d96eeadc4ed92a80948eb836aea94"	33,216853199893664875	0	0	0,797204476797447957	0	33,216853199893664875
"0x9cac102e4e269d18e4b43a10cbbe733dd4402b79"	22,085312084066256083	0	0	0,530047490017590146	0	22,085312084066256083
"0xd56705548111f08ccb3e1a73806c53dc706f2e75"	51,884602958621009208	0	0	1,245230471006904221	0	51,884602958621009208
"0xb44a6591f3fa702beed26266ffc33c9da0efab8a"	37,818476233225388916	0	0	0,907643429597409334	0	37,818476233225388916
"0x0b08dcc37e449c04a55a12454a8957a72e608994"	21,808759575029166375	0	0	0,523410229800699993	0	21,808759575029166375
"0x6669923187fc613c3868f405df0f2c2d10a7fdec"	31,608708668130635791	0	0	0,758609008035135259	0	31,608708668130635791
"0x9d2ab7e492a782f7e7a6fe39f31b86c4b0d2713a"	22083,333333333333333333	0	0	530,000000000000000000	0	22083,333333333333333333
"0x0e2e4ff0dcd154a9ab2dad034675841f937773f2"	28,792899067538155708	0	0	0,691029577620915737	0	28,792899067538155708
"0x85d572495843d4d8cc1639e0e45abeb00eb79522"	30,371372787931886291	0	0	0,728912946910365271	0	30,371372787931886291
"0xbb5c8245682975779f15798d70b0ca23bac7d37c"	24,482643191891409958	0	0	0,587583436605393839	0	24,482643191891409958
"0x8c061fc4625ab8244ef1b9bee7004f5f791f4db9"	23,053794302176960208	0	0	0,553291063252247045	0	23,053794302176960208
"0x3c519c4c3231989f2af79f6cfc65de7d343009c5"	251,723089814920038458	0	0	6,041354155558080923	0	251,723089814920038458
"0x1640bc366ba62512843753e9a7320420d8aef6b6"	21,587661457339078583	0	0	0,518103874976137886	0	21,587661457339078583
"0x4d028ea19d40c9e992a2cb51b55bd37858c379b8"	98789,862130765201883000	0	0	2370,956691138364845192	0	98789,862130765201883000
"0x50c3156ee21bf82ef1d8a4c2dacb6ca2bda49adb"	121303,502750000000000000	0	0	2911,284066000000000000	0	121303,502750000000000000
"0x07938d0c5be1ac7579c3eef5f1bf6bb7b6e24684"	39091,342812366560338333	0	0	938,192227496797448120	0	39091,342812366560338333
"0x690eb09378cac699b0ab2b09c6e6032c43d31d34"	20898,672800345481336791	0	0	501,568147208291552083	0	20898,672800345481336791
"0xe4ac103a4edfce3fc999d75c074d51e8e229a59d"	23,921899252904281500	0	0	0,574125582069702756	0	23,921899252904281500
"0x7c29eb01b6483e7290a621ad79a8f576107a00dd"	29,171964218168744833	0	0	0,700127141236049876	0	29,171964218168744833
"0x9d8b1d8be109851f48f89ee14b9e895441381f46"	36,641374582321096541	0	0	0,879392989975706317	0	36,641374582321096541
"0x751b1d5235aa34ed5243c57d9313c67ac386ec08"	81,017642778975570458	0	0	1,944423426695413691	0	81,017642778975570458
"0x63e86c9c17841e227f978aaa1488f136fe7b68ea"	41,586551810377283875	0	0	0,998077243449054813	0	41,586551810377283875
"0xede29c55963ad7e0dd5283909e2df7016fac14aa"	41666,666666666666666666	0	0	1000,000000000000000000	0	41666,666666666666666666
"0x80b3153f39aeec1ef68adc038913698e103e6e1d"	25,482993041483587041	0	0	0,611591832995606089	0	25,482993041483587041
"0x94da175d52afe4e52b2cb3a4cb7c1773fc3976e4"	20,680287952899226708	0	0	0,496326910869581441	0	20,680287952899226708
"0x5bc124b3f28c301f497d3d44eb5c3225651143cb"	22,637607934021912541	0	0	0,543302590416525901	0	22,637607934021912541
"0xc04f402f482e3d5d6346c7568805468e29dca156"	34,667533370340429500	0	0	0,832020800888170308	0	34,667533370340429500
"0x098e67de2aa59beae302325528ba35d4d2c3f2f8"	20,173990501362102750	0	0	0,484175772032690466	0	20,173990501362102750
"0x1ef91043d3cdb315a5c97a03b843e6095ba6ea02"	27,700052175317462458	0	0	0,664801252207619099	0	27,700052175317462458
"0x0d0ca2d40a2d6df958abb6767e62e140b1d0c584"	37,729644065320988833	0	0	0,905511457567703732	0	37,729644065320988833
"0x67922a9561423548a9ccfd67ad80d6c637c26bfe"	40,807074241859594291	0	0	0,979369781804630263	0	40,807074241859594291
"0xef25ee29ff36862117d8ec02a4dbb69ebdb77897"	28,357510380290726583	0	0	0,680580249126977438	0	28,357510380290726583
"0xe5546ea6535859c5d16373ecabde6de89fb2a4ce"	40,753402789624123958	0	0	0,978081666950978975	0	40,753402789624123958
"0x49ac4131fd40356d8320fc64d4a79be44f1b4708"	22,848097794837695375	0	0	0,548354347076104689	0	22,848097794837695375
"0x80b3b64d8b5c454d1b84dac4d759d3408a90e463"	4,111350393778815083	0	0	0,098672409450691562	0	4,111350393778815083
"0x62c704b3645ed6274c5220d324253b816855bc7c"	22,254088305988770708	0	0	0,534098119343730497	0	22,254088305988770708
"0x473dff3f18d2b44e98129b7b1ef6f5a7d28b5270"	40,835076916729502750	0	0	0,980041846001508066	0	40,835076916729502750
"0x6bb740b57627123ecb2debe195ea5b225b4f9ad8"	23,418598582495212583	0	0	0,562046365979885102	0	23,418598582495212583
"0x3ead180ae502757fc6e444e4cf3d861fe27fe0ac"	36,718611303911543083	0	0	0,881246671293877034	0	36,718611303911543083
"0x2b2411bd9dcfb0d3f375521917e623676987dfb1"	83120,848678539642910625	0	0	1994,900368284951429855	0	83120,848678539642910625
"0x8f85b2d9c1d762ab319e1510af4062165d6a56a6"	36047,146875000000000000	0	0	865,131525000000000000	0	36047,146875000000000000
"0xb453f19e3a5905857b7eb53e007c191a15debaf4"	6774,478001710081580250	0	0	162,587472041041957926	0	6774,478001710081580250
"0x21c59adeeeb25eff1cca36ab5bf082b96e0ef293"	4208,333333333333333333	0	0	101,000000000000000000	0	4208,333333333333333333
"0x932654bc075a69ad65cfc76ba01c4ac3621d1598"	34,495235886789187291	0	0	0,827885661282940495	0	34,495235886789187291
"0x338cc22f63a863df81cf8f818a0eec7635fdfecd"	33,630623549430022416	0	0	0,807134965186320538	0	33,630623549430022416
"0x9ac65fdbf132b8124bf9948f40a87ed254c74974"	29,241739319381326083	0	0	0,701801743665151826	0	29,241739319381326083
"0x136e964cff1457d6f502c6a3e0cde417360d9c61"	37,365285047298108500	0	0	0,896766841135154604	0	37,365285047298108500
"0x7c394cec0247e63d02643ce854197728e05233fa"	56127,943444545042543791	0	0	1347,070642669081021051	0	56127,943444545042543791
"0xa214fc5809f5dc6c91fb117853e3ca918e4e94b7"	29003,699875000000000000	0	0	696,088797000000000000	0	29003,699875000000000000
"0xeb2a38ec02b44218d371982d51ec961bd2b17321"	2690473,742541666666666666	0	0	64571,369821000000000000	0	2690473,742541666666666666
"0x701313fb41209ca44628d6312371becfed40db78"	1000,000000000000000000	1000,000000000000000000	0	0	0	0
"0xec251fb76262df923ce9aed412e6a2fba422d0ca"	1000,000000000000000000	1000,000000000000000000	0	0	0	0
"0x98f0d2ddb5262202e95666e646775fcc773b8c02"	1000,000000000000000000	1000,000000000000000000	0	0	0	0
"0xe93b6bd33cff0fb73d0213e1c4ad0812d2431c6d"	1000,000000000000000000	1000,000000000000000000	0	0	0	0
"0x5d507818b52a891fe296463adc01eed9c51e218b"	1000,000000000000000000	1000,000000000000000000	0	0	0	0
"0xa5947832e55d150b9d1bab59126fda9830fcd993"	1000,000000000000000000	1000,000000000000000000	0	0	0	0
"0x323255c5740afdb65b88f2db4743e1a31789fe63"	1000,000000000000000000	1000,000000000000000000	0	0	0	0